{
  "setup.py": 1776479265.1037757,
  "src/wireviz/Harness.py": 1776479265.104107,
  "src/wireviz/wv_html.py": 1776479265.1050656,
  "src/wireviz/wv_colors.py": 1776479265.1048472,
  "src/wireviz/__init__.py": 1776479265.1041737,
  "src/wireviz/wv_helper.py": 1776479265.1050026,
  "src/wireviz/wv_gv_html.py": 1776479265.1049507,
  "src/wireviz/wv_cli.py": 1776479265.1047688,
  "src/wireviz/wireviz.py": 1776479265.1045995,
  "src/wireviz/build_examples.py": 1776479265.1042378,
  "src/wireviz/wv_bom.py": 1776479265.1047013,
  "src/wireviz/DataClasses.py": 1776479265.1039958,
  "src/wireviz/svgembed.py": 1776479265.1042976,
  "requirements.txt": 1776479265.1036556,
  "tutorial/tutorial08.md": 1776479265.1104996,
  "tutorial/tutorial02.md": 1776479265.1060748,
  "tutorial/tutorial06.md": 1776479265.1085877,
  "tutorial/tutorial07.md": 1776479265.109154,
  "tutorial/todo.md": 1776479265.1052563,
  "tutorial/tutorial03.md": 1776479265.1067476,
  "tutorial/readme.md": 1776479265.1051984,
  "tutorial/tutorial04.md": 1776479265.1073968,
  "tutorial/tutorial01.md": 1776479265.1056077,
  "tutorial/tutorial05.md": 1776479265.1079903,
  "docs/syntax.md": 1776479265.0905666,
  "docs/buildscript.md": 1776479265.090469,
  "docs/CHANGELOG.md": 1776479265.0901687,
  "docs/advanced_image_usage.md": 1776479265.0904024,
  "docs/README.md": 1776479265.090327,
  "docs/CONTRIBUTING.md": 1776479265.0902421,
  "examples/readme.md": 1776479265.1031969,
  "src/wireviz/templates/README.md": 1776479265.104399
}